mean_max_cos_sim,std_dev_max_cos_sim,mean_prompt_cos,std_dev_prompt_cos
1.0,6.488529817539038e-16,0.2117691421547411,0.13328049221686034
