mean_max_cos_sim,std_dev_max_cos_sim,mean_prompt_cos,std_dev_prompt_cos
1.0,6.424911150114925e-16,0.7969574505416761,0.10540249737768367
